PM_Username,PM_Password
554,acid_qa
CCM1,acid_qa
1110,acid_qa
4841,acid_qa
user58,5xVxyF
user59,hAL2vl
user60,G32AAQ
user61,CYEocO
user62,Njt17s
user63,2q0wbK
user64,ykjGjf
user65,mQ7Pae
user57,FJwqKl
user66,Wi67dL
user67,3a15Ni
user68,SwrJwt
user69,PTq7uA
user70,0FF75y
user71,kfiZZM
user72,5TDPvz
user73,yZVnZK
user74,SxPZGy
user75,V4O2G0
user76,YUnWU2
user77,ciX2ra
user78,gUcY1t
user79,1YUOD7
user80,1jYBHS
user81,8mMaBM
user82,IpzmDA
user83,V6lxxd
user84,4U0O16
user85,vCd2WS
user86,HFvo2g
user87,Ly5Nd0
user88,gwgrON
user89,bgT6Qs
user90,ayTv11
user91,gtbScf
user92,zZMMex
user93,DgF5uB
user94,jCRK7U
user95,lJxX2e
user96,KW1Ac6
user97,9RcoVY
user98,vhVZqz
user99,6g0oBr
user100,4pVB9P
user101,Hl9vrL
user51,vAKur1
user52,0ZYuSZ
user53,OZUysN
user54,hhqD9V
user55,9TUb3Q
user56,wlqk6x
